{
  "timestamp": "2026-03-06T11:19:10.722056003Z",
  "system": "dittofs-round13",
  "path": "/mnt/bench",
  "config": {
    "threads": 4,
    "file_size": 1073741824,
    "block_size": 4096,
    "duration": 60000000000,
    "meta_files": 1000,
    "small_file_count": 10000
  },
  "workloads": {
    "seq-read": {
      "workload": "seq-read",
      "throughput_mbps": 58.44238489056009,
      "latency_p50_us": 14189,
      "latency_p95_us": 22085,
      "latency_p99_us": 219042,
      "latency_avg_us": 17090.890625,
      "total_ops": 4096,
      "total_bytes": 4294967296,
      "errors": 0,
      "duration": 70086119991
    }
  },
  "total_duration": 70086449663
}