{
  "timestamp": "2026-03-06T11:13:39.559299418Z",
  "system": "dittofs-round13",
  "path": "/mnt/bench",
  "config": {
    "threads": 4,
    "file_size": 1073741824,
    "block_size": 4096,
    "duration": 60000000000,
    "meta_files": 1000,
    "small_file_count": 10000
  },
  "workloads": {
    "rand-read": {
      "workload": "rand-read",
      "iops": 888.13439800981,
      "latency_p50_us": 1143,
      "latency_p95_us": 1472,
      "latency_p99_us": 2652,
      "latency_avg_us": 1121.2251308900525,
      "total_ops": 53289,
      "total_bytes": 218271744,
      "errors": 0,
      "duration": 60001054029
    }
  },
  "total_duration": 60029140154
}