{
  "timestamp": "2026-03-05T21:13:27.73722555Z",
  "system": "dittofs-round7",
  "path": "/mnt/bench",
  "config": {
    "threads": 4,
    "file_size": 1073741824,
    "block_size": 4096,
    "duration": 60000000000,
    "meta_files": 1000,
    "small_file_count": 10000
  },
  "workloads": {
    "rand-write": {
      "workload": "rand-write",
      "iops": 59.086743575051024,
      "latency_p50_us": 1363,
      "latency_p95_us": 7091,
      "latency_p99_us": 185521,
      "latency_avg_us": 16918.994441759303,
      "total_ops": 4138,
      "total_bytes": 16945152,
      "errors": 1,
      "duration": 70032629142
    }
  },
  "total_duration": 97176639002
}