{
  "timestamp": "2026-03-06T09:51:42.069289784Z",
  "system": "dittofs-round11",
  "path": "/mnt/bench",
  "config": {
    "threads": 4,
    "file_size": 1073741824,
    "block_size": 4096,
    "duration": 60000000000,
    "meta_files": 1000,
    "small_file_count": 10000
  },
  "workloads": {
    "rand-write": {
      "workload": "rand-write",
      "iops": 310.47637018663625,
      "latency_p50_us": 2095,
      "latency_p95_us": 2928,
      "latency_p99_us": 38034,
      "latency_avg_us": 3215.4417306350315,
      "total_ops": 18629,
      "total_bytes": 76304384,
      "errors": 0,
      "duration": 60001345638
    }
  },
  "total_duration": 60747828831
}