{
  "timestamp": "2026-03-06T09:50:10.767961339Z",
  "system": "dittofs-round11",
  "path": "/mnt/bench",
  "config": {
    "threads": 4,
    "file_size": 1073741824,
    "block_size": 4096,
    "duration": 60000000000,
    "meta_files": 1000,
    "small_file_count": 10000
  },
  "workloads": {
    "seq-write": {
      "workload": "seq-write",
      "throughput_mbps": 50.860625390922436,
      "latency_p50_us": 630,
      "latency_p95_us": 883,
      "latency_p99_us": 1263,
      "latency_avg_us": 665.605712890625,
      "total_ops": 4096,
      "total_bytes": 4294967296,
      "errors": 0,
      "duration": 80533811146
    }
  },
  "total_duration": 80535193145
}