{
  "timestamp": "2026-03-04T20:46:08.621234708Z",
  "system": "dittofs-badger-s3-nfs4",
  "path": "/mnt/bench",
  "config": {
    "threads": 4,
    "file_size": 1073741824,
    "block_size": 4096,
    "duration": 60000000000,
    "meta_files": 1000,
    "small_file_count": 10000
  },
  "workloads": {
    "metadata": {
      "workload": "metadata",
      "ops_per_sec": 1218.700285597334,
      "latency_p50_us": 951,
      "latency_p95_us": 1231,
      "latency_p99_us": 1466,
      "latency_avg_us": 818.8013333333333,
      "total_ops": 3000,
      "total_bytes": 33000,
      "errors": 0,
      "duration": 2461638875
    },
    "small-files": {
      "workload": "small-files",
      "ops_per_sec": 1137.6688771437946,
      "latency_p50_us": 3589,
      "latency_p95_us": 5233,
      "latency_p99_us": 6209,
      "latency_avg_us": 3486.2436,
      "total_ops": 40000,
      "total_bytes": 122895036,
      "errors": 0,
      "duration": 35159615248
    }
  },
  "total_duration": 37630670687
}