{
  "timestamp": "2026-03-04T21:31:50.43161306Z",
  "system": "dittofs-badger-s3-smb2",
  "path": "/mnt/bench",
  "config": {
    "threads": 4,
    "file_size": 1073741824,
    "block_size": 4096,
    "duration": 60000000000,
    "meta_files": 1000,
    "small_file_count": 10000
  },
  "workloads": {
    "metadata": {
      "workload": "metadata",
      "ops_per_sec": 506.6324549118432,
      "latency_p50_us": 2033,
      "latency_p95_us": 3390,
      "latency_p99_us": 4057,
      "latency_avg_us": 1971.6853333333333,
      "total_ops": 3000,
      "total_bytes": 33000,
      "errors": 0,
      "duration": 5921452467
    },
    "small-files": {
      "workload": "small-files",
      "ops_per_sec": 657.9013035303118,
      "latency_p50_us": 5350,
      "latency_p95_us": 9446,
      "latency_p99_us": 11816,
      "latency_avg_us": 6051.862725,
      "total_ops": 40000,
      "total_bytes": 122895028,
      "errors": 0,
      "duration": 60799393139
    }
  },
  "total_duration": 66734318302
}