{
  "timestamp": "2026-03-04T20:34:03.378123868Z",
  "system": "dittofs-badger-s3-nfs3",
  "path": "/mnt/bench",
  "config": {
    "threads": 4,
    "file_size": 1073741824,
    "block_size": 4096,
    "duration": 60000000000,
    "meta_files": 1000,
    "small_file_count": 10000
  },
  "workloads": {
    "metadata": {
      "workload": "metadata",
      "ops_per_sec": 356.45341923993493,
      "latency_p50_us": 2154,
      "latency_p95_us": 5857,
      "latency_p99_us": 16503,
      "latency_avg_us": 2803.4753333333333,
      "total_ops": 3000,
      "total_bytes": 33000,
      "errors": 0,
      "duration": 8416246943
    },
    "small-files": {
      "workload": "small-files",
      "ops_per_sec": 154.91788798008784,
      "latency_p50_us": 3719,
      "latency_p95_us": 77043,
      "latency_p99_us": 332587,
      "latency_avg_us": 25718.340825,
      "total_ops": 40000,
      "total_bytes": 122895000,
      "errors": 0,
      "duration": 258201299550
    }
  },
  "total_duration": 266628346463
}