{
  "timestamp": "2026-03-04T22:00:44.063450559Z",
  "system": "ganesha-nfs4",
  "path": "/mnt/bench",
  "config": {
    "threads": 4,
    "file_size": 1073741824,
    "block_size": 4096,
    "duration": 60000000000,
    "meta_files": 1000,
    "small_file_count": 10000
  },
  "workloads": {
    "rand-read": {
      "workload": "rand-read",
      "iops": 2044.314092841152,
      "latency_p50_us": 386,
      "latency_p95_us": 1003,
      "latency_p99_us": 1186,
      "latency_avg_us": 485.1555042842352,
      "total_ops": 122659,
      "total_bytes": 502411264,
      "errors": 0,
      "duration": 60000075541
    },
    "seq-read": {
      "workload": "seq-read",
      "throughput_mbps": 51.43606168378328,
      "latency_p50_us": 2051,
      "latency_p95_us": 213299,
      "latency_p99_us": 250807,
      "latency_avg_us": 19422.587646484375,
      "total_ops": 4096,
      "total_bytes": 4294967296,
      "errors": 0,
      "duration": 79632846410
    }
  },
  "total_duration": 139646972732
}