{
  "timestamp": "2026-03-04T21:54:38.109903207Z",
  "system": "ganesha-nfs3",
  "path": "/mnt/bench",
  "config": {
    "threads": 4,
    "file_size": 1073741824,
    "block_size": 4096,
    "duration": 60000000000,
    "meta_files": 1000,
    "small_file_count": 10000
  },
  "workloads": {
    "metadata": {
      "workload": "metadata",
      "ops_per_sec": 640.2037398039232,
      "latency_p50_us": 412,
      "latency_p95_us": 5142,
      "latency_p99_us": 7232,
      "latency_avg_us": 1560.4203333333332,
      "total_ops": 3000,
      "total_bytes": 33000,
      "errors": 0,
      "duration": 4686008240
    },
    "small-files": {
      "workload": "small-files",
      "ops_per_sec": 936.994319487094,
      "latency_p50_us": 3877,
      "latency_p95_us": 10091,
      "latency_p99_us": 15318,
      "latency_avg_us": 4233.524825,
      "total_ops": 40000,
      "total_bytes": 122895012,
      "errors": 0,
      "duration": 42689693169
    }
  },
  "total_duration": 47385377946
}