{
  "timestamp": "2026-03-04T21:55:47.159084983Z",
  "system": "ganesha-nfs4",
  "path": "/mnt/bench",
  "config": {
    "threads": 4,
    "file_size": 1073741824,
    "block_size": 4096,
    "duration": 60000000000,
    "meta_files": 1000,
    "small_file_count": 10000
  },
  "workloads": {
    "rand-read": {
      "workload": "rand-read",
      "iops": 2825.6242872428297,
      "latency_p50_us": 358,
      "latency_p95_us": 539,
      "latency_p99_us": 634,
      "latency_avg_us": 350.23096750600155,
      "total_ops": 169539,
      "total_bytes": 694431744,
      "errors": 0,
      "duration": 60000545991
    },
    "rand-write": {
      "workload": "rand-write",
      "iops": 1438.6137754366084,
      "latency_p50_us": 676,
      "latency_p95_us": 802,
      "latency_p99_us": 903,
      "latency_avg_us": 691.2767241678928,
      "total_ops": 86317,
      "total_bytes": 353554432,
      "errors": 0,
      "duration": 60000120584
    },
    "seq-read": {
      "workload": "seq-read",
      "throughput_mbps": 51.36625856304284,
      "latency_p50_us": 1807,
      "latency_p95_us": 212928,
      "latency_p99_us": 252888,
      "latency_avg_us": 19299.212646484375,
      "total_ops": 4096,
      "total_bytes": 4294967296,
      "errors": 0,
      "duration": 79741061829
    },
    "seq-write": {
      "workload": "seq-write",
      "throughput_mbps": 48.48015699784879,
      "latency_p50_us": 666,
      "latency_p95_us": 969,
      "latency_p99_us": 1329,
      "latency_avg_us": 714.07763671875,
      "total_ops": 4096,
      "total_bytes": 4294967296,
      "errors": 0,
      "duration": 84488175238
    }
  },
  "total_duration": 292363929744
}