{
  "timestamp": "2026-03-04T22:26:21.733736729Z",
  "system": "juicefs-nfs4",
  "path": "/mnt/bench",
  "config": {
    "threads": 4,
    "file_size": 1073741824,
    "block_size": 4096,
    "duration": 60000000000,
    "meta_files": 1000,
    "small_file_count": 10000
  },
  "workloads": {
    "rand-read": {
      "workload": "rand-read",
      "iops": 1274.2322247300606,
      "latency_p50_us": 834,
      "latency_p95_us": 1186,
      "latency_p99_us": 1565,
      "latency_avg_us": 780.5763596410914,
      "total_ops": 76454,
      "total_bytes": 313155584,
      "errors": 0,
      "duration": 60000052201
    },
    "seq-read": {
      "workload": "seq-read",
      "throughput_mbps": 51.36892513714016,
      "latency_p50_us": 1714,
      "latency_p95_us": 212792,
      "latency_p99_us": 252253,
      "latency_avg_us": 19290.00927734375,
      "total_ops": 4096,
      "total_bytes": 4294967296,
      "errors": 0,
      "duration": 79736922450
    }
  },
  "total_duration": 139858149070
}