{
  "timestamp": "2026-03-05T07:41:36.810161133Z",
  "system": "juicefs-nfs3",
  "path": "/mnt/bench",
  "config": {
    "threads": 4,
    "file_size": 1073741824,
    "block_size": 4096,
    "duration": 60000000000,
    "meta_files": 1000,
    "small_file_count": 10000
  },
  "workloads": {
    "metadata": {
      "workload": "metadata",
      "ops_per_sec": 135.21085318855842,
      "latency_p50_us": 6370,
      "latency_p95_us": 17450,
      "latency_p99_us": 22658,
      "latency_avg_us": 7391.991666666667,
      "total_ops": 3000,
      "total_bytes": 33000,
      "errors": 0,
      "duration": 22187568004
    },
    "small-files": {
      "workload": "small-files",
      "ops_per_sec": 89.66206599760957,
      "latency_p50_us": 34521,
      "latency_p95_us": 110008,
      "latency_p99_us": 286518,
      "latency_avg_us": 44057.396125,
      "total_ops": 40000,
      "total_bytes": 122894900,
      "errors": 0,
      "duration": 446119544034
    }
  },
  "total_duration": 468331372125
}