{
  "timestamp": "2026-03-06T10:18:45.878179642Z",
  "system": "dittofs-round12",
  "path": "/mnt/bench",
  "config": {
    "threads": 4,
    "file_size": 1073741824,
    "block_size": 4096,
    "duration": 60000000000,
    "meta_files": 1000,
    "small_file_count": 10000
  },
  "workloads": {
    "rand-read": {
      "workload": "rand-read",
      "iops": 889.8913532223512,
      "latency_p50_us": 1137,
      "latency_p95_us": 1468,
      "latency_p99_us": 2626,
      "latency_avg_us": 1119.0732666591753,
      "total_ops": 53394,
      "total_bytes": 218701824,
      "errors": 0,
      "duration": 60000583000
    }
  },
  "total_duration": 60014905751
}