{
  "timestamp": "2026-03-04T15:04:31.057467889Z",
  "system": "dittofs-r17-cold",
  "path": "/mnt/bench",
  "config": {
    "threads": 4,
    "file_size": 1073741824,
    "block_size": 4096,
    "duration": 60000000000,
    "meta_files": 1000
  },
  "workloads": {
    "seq-read": {
      "workload": "seq-read",
      "throughput_mbps": 47.73248067298415,
      "latency_p50_us": 5319,
      "latency_p95_us": 59914,
      "latency_p99_us": 264862,
      "latency_avg_us": 20929.09375,
      "total_ops": 4096,
      "total_bytes": 4294967296,
      "errors": 0,
      "duration": 85811588718
    }
  },
  "total_duration": 85811952044
}