{
  "timestamp": "2026-03-04T15:06:19.135490386Z",
  "system": "dittofs-r17-warm",
  "path": "/mnt/bench",
  "config": {
    "threads": 4,
    "file_size": 1073741824,
    "block_size": 4096,
    "duration": 60000000000,
    "meta_files": 1000
  },
  "workloads": {
    "seq-read": {
      "workload": "seq-read",
      "throughput_mbps": 48.729254627493034,
      "latency_p50_us": 5233,
      "latency_p95_us": 65985,
      "latency_p99_us": 237204,
      "latency_avg_us": 20345.85888671875,
      "total_ops": 4096,
      "total_bytes": 4294967296,
      "errors": 0,
      "duration": 84056282644
    }
  },
  "total_duration": 84056613841
}